id,first_name,last_name,email,card
1,J@sse,Garza,jgarza0@latimes.com,6771713943199549550
2,Rick,Grimes,rick@devhub.com,4024007109775550
3,Shane,Walsh,shane2@csmonitor.com,4916832150564848
4,Harry,Blac_k,hblack3@google.com.au,3535998171095329
5,Lori,Grimes,lori@hao123.com,4916086162535946
6,Rachel,Stephens,r*stephens5@chicagotribune.com,3540849277298973
7,Dale,Horvath,daleh@topsy.com,5364103686584773
8,Stephen,Gomez,sgomez7@smugmug.com,3586327376129245
9,Rog-er,Hawkins,rhawkins8@blinklist.com,3575332221198043
1A,Helen,Cox,hcox9@addtoany.com,3536687023404974
11,Glenn,Rhee,rglenn@amazon.com,5224310465619841
12,Brian,Diaz,bdiazb-craigslist.org,5602248762532147
13,Carl,Grimes,carlg@vkontakte.ru,5262179627779014
14,Andrea,Collins,acollinsd@pcworld.com,3573737745872189
-5,Gloria,Hawkins,ghawkinse@disqus.com,3575840773858327
16,Gary,Spencer,gspencerf@comsenz.com,3546204161067606
17,Daryl,Dixon,fharrisong@lulu.com,344047850570819
18,Christopher,Jenkins,cjenkinsh@google.it,3566617407713893
19,Carol,Peletier,mhamiltoni@mlb.com,372146471559071
20,Steven,Vasquez,svasquezj@amazonaws.com,3577955896058548
21,Justin,Berry,jberryk@e-recht24.de,4017953043997
22,Norma,Fowler,nfowlerl@thetimes.co.uk,5020818882452309
23,Merle,Dixon,dixon_hell@weebly.com,379073623340585
24,Carl,Palmer,cpalmern@oaic.gov.au,40413974835106
25,Amanda,Robertson,arobertsono@hugedomains.com,355515927545185
26,#dam,Morales,amoralesp@netvibes.com,5602212384147502
27,Jean,Dixon,jdixonq@elegantthemes.com,3575255098461488
28,Albert,Campbell,acampbellr@163.com,30138235198760
29,Morgan,Jones,mjones@seattletimes.com,376114817196707
30,Sharon,Harrison,sharrisont@chronoengine.com,5100131349412789
31,Maggie,Green,maggie@symantec.com,5331983764491417
32,Anna,Scott,ascottv@amazonaws.com,3567626997648876
33,Janice,Nguyen,jnguyenw@netscape.com,3536964801563011
34,Joshua,Hughes,jhughesx@hud.gov,9989719932912346
35,Martha,Montgomery,mmontgomeryy@latimes.com,3554130904690700
36,Gregory,Day,gdayz@youtube.com,874283801504838
37,Hershel,Greene,hershel@house.gov,5497593685076260
38,Lisa,Gonzalez,lgonzalez11@sfgate.com,5641825967215304205
39,Sharon,Woods,swoods12@microsoft.com,374383727935025
40,Marilyn,Reynolds,mreynolds13@artisteer.com,8445539339917976
41,Philip,Blake,gobernator@google.com,4175004061290485
42,Ashley,Gardner,agardner15@nymag.com,69714955943167990
43,Sasha,Williams,sasha@twitter.com,5152201982654567
44,Gregory,Brooks,gbrooks17@example.com,5002353280042319
45,Ernest,Moreno,emoreno18@amazon.com,3548172196563021
46,Betty,Dun-n,bdunn19@craigslist.org,5048376490824528
47,Rosita,Espinosa,soy_rosita@sfgate.com,4556373146002762
48,Craig,Cooper,ccooper1b@shutterfly.com,901484395931051
49,Carl,Lewis,clewis1c@istockphoto.com,6709296172788639
50,Pamela,Nichols,pnichols1d@businessinsider.com,3591837751396611
51,Jessica,Hayes,jhayes1e@telegraph.co.uk,4844824891999732
52,Donald,Duncan,dduncan1f@globo.com,4175009868191987
53,Eugene,Porter,emorales1g@washington.edu,5018372620256627425
